<ImportExportXml version="8.2.0001.0341" SolutionPackageVersion="8.2" languagecode="1033" generatedBy="CrmLive" xmlns:xsi="http://www.w3.org/2001/XMLSchema-instance">
  <SolutionManifest>
    <UniqueName>Core</UniqueName>
    <LocalizedNames>
      <LocalizedName description="Core" languagecode="1033" />
    </LocalizedNames>
    <Descriptions />
    <Version>1.6.0.0</Version>
    <Managed>0</Managed>
    <Publisher>
      <UniqueName>defra</UniqueName>
      <LocalizedNames>
        <LocalizedName description="DEFRA" languagecode="1033" />
      </LocalizedNames>
      <Descriptions />
      <EMailAddress xsi:nil="true"></EMailAddress>
      <SupportingWebsiteUrl xsi:nil="true"></SupportingWebsiteUrl>
      <CustomizationPrefix>defra</CustomizationPrefix>
      <CustomizationOptionValuePrefix>91040</CustomizationOptionValuePrefix>
      <Addresses>
        <Address>
          <AddressNumber>1</AddressNumber>
          <AddressTypeCode>1</AddressTypeCode>
          <City xsi:nil="true"></City>
          <County xsi:nil="true"></County>
          <Country xsi:nil="true"></Country>
          <Fax xsi:nil="true"></Fax>
          <FreightTermsCode xsi:nil="true"></FreightTermsCode>
          <ImportSequenceNumber xsi:nil="true"></ImportSequenceNumber>
          <Latitude xsi:nil="true"></Latitude>
          <Line1 xsi:nil="true"></Line1>
          <Line2 xsi:nil="true"></Line2>
          <Line3 xsi:nil="true"></Line3>
          <Longitude xsi:nil="true"></Longitude>
          <Name xsi:nil="true"></Name>
          <PostalCode xsi:nil="true"></PostalCode>
          <PostOfficeBox xsi:nil="true"></PostOfficeBox>
          <PrimaryContactName xsi:nil="true"></PrimaryContactName>
          <ShippingMethodCode>1</ShippingMethodCode>
          <StateOrProvince xsi:nil="true"></StateOrProvince>
          <Telephone1 xsi:nil="true"></Telephone1>
          <Telephone2 xsi:nil="true"></Telephone2>
          <Telephone3 xsi:nil="true"></Telephone3>
          <TimeZoneRuleVersionNumber xsi:nil="true"></TimeZoneRuleVersionNumber>
          <UPSZone xsi:nil="true"></UPSZone>
          <UTCOffset xsi:nil="true"></UTCOffset>
          <UTCConversionTimeZoneCode xsi:nil="true"></UTCConversionTimeZoneCode>
        </Address>
        <Address>
          <AddressNumber>2</AddressNumber>
          <AddressTypeCode>1</AddressTypeCode>
          <City xsi:nil="true"></City>
          <County xsi:nil="true"></County>
          <Country xsi:nil="true"></Country>
          <Fax xsi:nil="true"></Fax>
          <FreightTermsCode xsi:nil="true"></FreightTermsCode>
          <ImportSequenceNumber xsi:nil="true"></ImportSequenceNumber>
          <Latitude xsi:nil="true"></Latitude>
          <Line1 xsi:nil="true"></Line1>
          <Line2 xsi:nil="true"></Line2>
          <Line3 xsi:nil="true"></Line3>
          <Longitude xsi:nil="true"></Longitude>
          <Name xsi:nil="true"></Name>
          <PostalCode xsi:nil="true"></PostalCode>
          <PostOfficeBox xsi:nil="true"></PostOfficeBox>
          <PrimaryContactName xsi:nil="true"></PrimaryContactName>
          <ShippingMethodCode>1</ShippingMethodCode>
          <StateOrProvince xsi:nil="true"></StateOrProvince>
          <Telephone1 xsi:nil="true"></Telephone1>
          <Telephone2 xsi:nil="true"></Telephone2>
          <Telephone3 xsi:nil="true"></Telephone3>
          <TimeZoneRuleVersionNumber xsi:nil="true"></TimeZoneRuleVersionNumber>
          <UPSZone xsi:nil="true"></UPSZone>
          <UTCOffset xsi:nil="true"></UTCOffset>
          <UTCConversionTimeZoneCode xsi:nil="true"></UTCConversionTimeZoneCode>
        </Address>
      </Addresses>
    </Publisher>
    <RootComponents>
      <RootComponent type="1" schemaName="account" behavior="1" />
      <RootComponent type="1" schemaName="connection" behavior="1" />
      <RootComponent type="1" schemaName="contact" behavior="1" />
      <RootComponent type="1" schemaName="defra_address" behavior="0" />
      <RootComponent type="1" schemaName="defra_addressdetails" behavior="0" />
      <RootComponent type="1" schemaName="defra_country" behavior="0" />
      <RootComponent type="1" schemaName="defra_documentreference" behavior="0" />
      <RootComponent type="1" schemaName="defra_town" behavior="0" />
      <RootComponent type="1" schemaName="queue" behavior="0" />
      <RootComponent type="1" schemaName="queueitem" behavior="0" />
      <RootComponent type="1" schemaName="sharepointdocumentlocation" behavior="1" />
      <RootComponent type="9" schemaName="defra_addresstype" behavior="0" />
      <RootComponent type="20" id="{4c41a243-7b14-e711-80fb-5065f38b0301}" behavior="0" />
      <RootComponent type="29" id="{bccbf1f8-eb44-41b1-81d9-a48574b98e9a}" behavior="0" />
      <RootComponent type="60" id="{1332bca3-e5cc-4975-8245-a6a880c3b489}" behavior="0" />
      <RootComponent type="60" id="{1fed44d1-ae68-4a41-bd2b-f13acac4acfa}" />
      <RootComponent type="60" id="{256dfbb3-dbe6-4364-beae-f466047c3edb}" behavior="0" />
      <RootComponent type="60" id="{6675d76f-5a9a-4294-b89b-eb1caf636df1}" behavior="0" />
      <RootComponent type="60" id="{69fd2a55-547c-45f5-9322-c856e32234c7}" behavior="0" />
      <RootComponent type="60" id="{707fc57b-c5e6-471b-a180-e37ed28a38e2}" />
      <RootComponent type="60" id="{8448b78f-8f42-454e-8e2a-f8196b0419af}" />
      <RootComponent type="60" id="{84ba3b39-7d48-4812-94fa-0a86deff9595}" behavior="0" />
      <RootComponent type="60" id="{b028db32-3619-48a5-ac51-cf3f947b0ef3}" />
      <RootComponent type="60" id="{b57081c4-cb00-4237-9f4f-bbbaf3f9bcc3}" behavior="0" />
      <RootComponent type="60" id="{b7cf917e-0e27-429b-a951-af17168a0a54}" behavior="0" />
      <RootComponent type="60" id="{c5a39912-9753-47dc-a7aa-7c431f185dc0}" behavior="0" />
      <RootComponent type="60" id="{c82fe34b-a303-469b-86ad-1903e2c6c572}" behavior="0" />
      <RootComponent type="60" id="{ce0d7a73-edb6-4e50-bf57-b36749b7e6f4}" behavior="0" />
      <RootComponent type="60" id="{dd25f111-fe40-4b1d-a7e3-d948a5459233}" behavior="0" />
      <RootComponent type="61" schemaName="defra_address16" behavior="0" />
      <RootComponent type="61" schemaName="defra_address32" behavior="0" />
      <RootComponent type="61" schemaName="defra_addressdetails16" behavior="0" />
      <RootComponent type="61" schemaName="defra_addressdetails32" behavior="0" />
      <RootComponent type="61" schemaName="defra_country16" behavior="0" />
      <RootComponent type="61" schemaName="defra_country32" behavior="0" />
      <RootComponent type="61" schemaName="defra_DefraLogo" behavior="0" />
      <RootComponent type="61" schemaName="defra_documentreference16" behavior="0" />
      <RootComponent type="61" schemaName="defra_documentreference32" behavior="0" />
      <RootComponent type="61" schemaName="defra_RibbonBaseFunctions.js" behavior="0" />
      <RootComponent type="61" schemaName="defra_town16" behavior="0" />
      <RootComponent type="61" schemaName="defra_town32" behavior="0" />
      <RootComponent type="61" schemaName="defra_ValidateWithCompanyHouse.js" behavior="0" />
      <RootComponent type="61" schemaName="defra_validatewithcompanyhouse16" behavior="0" />
      <RootComponent type="61" schemaName="defra_validatewithcompanyhouse32" behavior="0" />
      <RootComponent type="63" id="{2a9fde63-f62b-e711-8101-5065f38b46a1}" behavior="0" />
      <RootComponent type="63" id="{a64ee957-f62b-e711-8101-5065f38b46a1}" behavior="0" />
      <RootComponent type="63" id="{b8d50d37-f62b-e711-8101-5065f38b46a1}" behavior="0" />
      <RootComponent type="63" id="{be9f754b-f62b-e711-8101-5065f38b46a1}" behavior="0" />
    </RootComponents>
    <MissingDependencies />
  </SolutionManifest>
</ImportExportXml>