<ImportExportXml version="8.2.0001.0341" SolutionPackageVersion="8.2" languagecode="1033" generatedBy="CrmLive" xmlns:xsi="http://www.w3.org/2001/XMLSchema-instance">
  <SolutionManifest>
    <UniqueName>LicensingandPermitting</UniqueName>
    <LocalizedNames>
      <LocalizedName description="Licensing and Permitting" languagecode="1033" />
    </LocalizedNames>
    <Descriptions />
    <Version>1.1.0.0</Version>
    <Managed>0</Managed>
    <Publisher>
      <UniqueName>defra</UniqueName>
      <LocalizedNames>
        <LocalizedName description="DEFRA" languagecode="1033" />
      </LocalizedNames>
      <Descriptions />
      <EMailAddress xsi:nil="true"></EMailAddress>
      <SupportingWebsiteUrl xsi:nil="true"></SupportingWebsiteUrl>
      <CustomizationPrefix>defra</CustomizationPrefix>
      <CustomizationOptionValuePrefix>91040</CustomizationOptionValuePrefix>
      <Addresses>
        <Address>
          <AddressNumber>1</AddressNumber>
          <AddressTypeCode>1</AddressTypeCode>
          <City xsi:nil="true"></City>
          <County xsi:nil="true"></County>
          <Country xsi:nil="true"></Country>
          <Fax xsi:nil="true"></Fax>
          <FreightTermsCode xsi:nil="true"></FreightTermsCode>
          <ImportSequenceNumber xsi:nil="true"></ImportSequenceNumber>
          <Latitude xsi:nil="true"></Latitude>
          <Line1 xsi:nil="true"></Line1>
          <Line2 xsi:nil="true"></Line2>
          <Line3 xsi:nil="true"></Line3>
          <Longitude xsi:nil="true"></Longitude>
          <Name xsi:nil="true"></Name>
          <PostalCode xsi:nil="true"></PostalCode>
          <PostOfficeBox xsi:nil="true"></PostOfficeBox>
          <PrimaryContactName xsi:nil="true"></PrimaryContactName>
          <ShippingMethodCode>1</ShippingMethodCode>
          <StateOrProvince xsi:nil="true"></StateOrProvince>
          <Telephone1 xsi:nil="true"></Telephone1>
          <Telephone2 xsi:nil="true"></Telephone2>
          <Telephone3 xsi:nil="true"></Telephone3>
          <TimeZoneRuleVersionNumber xsi:nil="true"></TimeZoneRuleVersionNumber>
          <UPSZone xsi:nil="true"></UPSZone>
          <UTCOffset xsi:nil="true"></UTCOffset>
          <UTCConversionTimeZoneCode xsi:nil="true"></UTCConversionTimeZoneCode>
        </Address>
        <Address>
          <AddressNumber>2</AddressNumber>
          <AddressTypeCode>1</AddressTypeCode>
          <City xsi:nil="true"></City>
          <County xsi:nil="true"></County>
          <Country xsi:nil="true"></Country>
          <Fax xsi:nil="true"></Fax>
          <FreightTermsCode xsi:nil="true"></FreightTermsCode>
          <ImportSequenceNumber xsi:nil="true"></ImportSequenceNumber>
          <Latitude xsi:nil="true"></Latitude>
          <Line1 xsi:nil="true"></Line1>
          <Line2 xsi:nil="true"></Line2>
          <Line3 xsi:nil="true"></Line3>
          <Longitude xsi:nil="true"></Longitude>
          <Name xsi:nil="true"></Name>
          <PostalCode xsi:nil="true"></PostalCode>
          <PostOfficeBox xsi:nil="true"></PostOfficeBox>
          <PrimaryContactName xsi:nil="true"></PrimaryContactName>
          <ShippingMethodCode>1</ShippingMethodCode>
          <StateOrProvince xsi:nil="true"></StateOrProvince>
          <Telephone1 xsi:nil="true"></Telephone1>
          <Telephone2 xsi:nil="true"></Telephone2>
          <Telephone3 xsi:nil="true"></Telephone3>
          <TimeZoneRuleVersionNumber xsi:nil="true"></TimeZoneRuleVersionNumber>
          <UPSZone xsi:nil="true"></UPSZone>
          <UTCOffset xsi:nil="true"></UTCOffset>
          <UTCConversionTimeZoneCode xsi:nil="true"></UTCConversionTimeZoneCode>
        </Address>
      </Addresses>
    </Publisher>
    <RootComponents>
      <RootComponent type="1" schemaName="defra_address" behavior="0" />
      <RootComponent type="1" schemaName="defra_application" behavior="0" />
      <RootComponent type="1" schemaName="defra_applicationline" behavior="0" />
      <RootComponent type="1" schemaName="defra_autonumbering" behavior="0" />
      <RootComponent type="1" schemaName="defra_documentreference" behavior="0" />
      <RootComponent type="1" schemaName="defra_dulymadechecklist" behavior="0" />
      <RootComponent type="1" schemaName="defra_exception" behavior="0" />
      <RootComponent type="1" schemaName="defra_location" behavior="0" />
      <RootComponent type="1" schemaName="defra_locationdetails" behavior="0" />
      <RootComponent type="1" schemaName="defra_managementsystem" behavior="0" />
      <RootComponent type="1" schemaName="defra_notification" behavior="0" />
      <RootComponent type="1" schemaName="defra_preapplication" behavior="0" />
      <RootComponent type="1" schemaName="defra_requestforinformation" behavior="0" />
      <RootComponent type="9" schemaName="defra_applicationtype" behavior="0" />
      <RootComponent type="9" schemaName="defra_permittype" behavior="0" />
      <RootComponent type="20" id="{941a6823-a973-e711-80e9-3863bb35ecd0}" behavior="0" />
      <RootComponent type="29" id="{e3268b5f-3896-4bec-b1db-37ac50ff5ebb}" behavior="0" />
      <RootComponent type="60" id="{15915835-b87c-49ec-9ffc-bfac3ac44ef1}" behavior="0" />
      <RootComponent type="60" id="{70ad8b15-e3f3-4d7d-9e4b-16cb4e51b484}" behavior="0" />
      <RootComponent type="60" id="{b57081c4-cb00-4237-9f4f-bbbaf3f9bcc3}" behavior="0" />
      <RootComponent type="61" schemaName="defra_/addresslookup/addressui.html" behavior="0" />
      <RootComponent type="61" schemaName="defra_/addresslookup/displayaddresses.js" behavior="0" />
      <RootComponent type="61" schemaName="defra_/addresslookup/postcodeOnchange.js" behavior="0" />
      <RootComponent type="61" schemaName="defra_application16" behavior="0" />
      <RootComponent type="61" schemaName="defra_application32" behavior="0" />
      <RootComponent type="61" schemaName="defra_applicationline16" behavior="0" />
      <RootComponent type="61" schemaName="defra_applicationline32" behavior="0" />
      <RootComponent type="61" schemaName="defra_documentreference16" behavior="0" />
      <RootComponent type="61" schemaName="defra_documentreference32" behavior="0" />
      <RootComponent type="61" schemaName="defra_dulymadechecklist16" behavior="0" />
      <RootComponent type="61" schemaName="defra_dulymadechecklist32" behavior="0" />
      <RootComponent type="61" schemaName="defra_exception16" behavior="0" />
      <RootComponent type="61" schemaName="defra_exception32" behavior="0" />
      <RootComponent type="61" schemaName="defra_location16" behavior="0" />
      <RootComponent type="61" schemaName="defra_location32" behavior="0" />
      <RootComponent type="61" schemaName="defra_locationdetails16" behavior="0" />
      <RootComponent type="61" schemaName="defra_locationdetails32" behavior="0" />
      <RootComponent type="61" schemaName="defra_LPSiteMap.png" behavior="0" />
      <RootComponent type="61" schemaName="defra_mansystem16" behavior="0" />
      <RootComponent type="61" schemaName="defra_mansystem32" behavior="0" />
      <RootComponent type="61" schemaName="defra_PreApplication16" behavior="0" />
      <RootComponent type="61" schemaName="defra_PreApplication32" behavior="0" />
    </RootComponents>
    <MissingDependencies>
      <MissingDependency>
        <Required key="0" type="1" schemaName="defra_addressdetails" displayName="Contact Details" solution="Active" />
        <Dependent key="1" type="1" schemaName="defra_address" displayName="Address" />
      </MissingDependency>
      <MissingDependency>
        <Required key="0" type="1" schemaName="defra_addressdetails" displayName="Contact Details" solution="Active" />
        <Dependent key="2" type="1" schemaName="defra_application" displayName="Application" />
      </MissingDependency>
      <MissingDependency>
        <Required key="3" type="1" schemaName="defra_town" displayName="Town" solution="Active" />
        <Dependent key="4" type="10" schemaName="defra_town_defra_address" displayName="defra_town_defra_address" parentSchemaName="defra_address" parentDisplayName="Address" />
      </MissingDependency>
      <MissingDependency>
        <Required key="5" type="1" schemaName="defra_country" displayName="Country" solution="Active" />
        <Dependent key="6" type="10" schemaName="defra_country_defra_address" displayName="defra_country_defra_address" parentSchemaName="defra_address" parentDisplayName="Address" />
      </MissingDependency>
      <MissingDependency>
        <Required key="7" type="2" schemaName="defra_name" displayName="Name" parentSchemaName="defra_country" parentDisplayName="Country" solution="Active" />
        <Dependent key="6" type="10" schemaName="defra_country_defra_address" displayName="defra_country_defra_address" parentSchemaName="defra_address" parentDisplayName="Address" />
      </MissingDependency>
      <MissingDependency>
        <Required key="8" type="2" schemaName="defra_townid" displayName="Town" parentSchemaName="defra_town" parentDisplayName="Town" solution="Active" />
        <Dependent key="4" type="10" schemaName="defra_town_defra_address" displayName="defra_town_defra_address" parentSchemaName="defra_address" parentDisplayName="Address" />
      </MissingDependency>
      <MissingDependency>
        <Required key="9" type="2" schemaName="defra_countryid" displayName="Country" parentSchemaName="defra_country" parentDisplayName="Country" solution="Active" />
        <Dependent key="6" type="10" schemaName="defra_country_defra_address" displayName="defra_country_defra_address" parentSchemaName="defra_address" parentDisplayName="Address" />
      </MissingDependency>
      <MissingDependency>
        <Required key="10" type="2" schemaName="defra_name" displayName="Name" parentSchemaName="defra_town" parentDisplayName="Town" solution="Active" />
        <Dependent key="4" type="10" schemaName="defra_town_defra_address" displayName="defra_town_defra_address" parentSchemaName="defra_address" parentDisplayName="Address" />
      </MissingDependency>
      <MissingDependency>
        <Required key="11" type="61" schemaName="defra_address32" displayName="defra_address32" solution="Active" />
        <Dependent key="1" type="1" schemaName="defra_address" displayName="Address" />
      </MissingDependency>
      <MissingDependency>
        <Required key="12" type="61" schemaName="defra_address16" displayName="defra_address16" solution="Active" />
        <Dependent key="1" type="1" schemaName="defra_address" displayName="Address" />
      </MissingDependency>
    </MissingDependencies>
  </SolutionManifest>
</ImportExportXml>