<ImportExportXml version="8.2.0001.0341" SolutionPackageVersion="8.2" languagecode="1033" generatedBy="CrmLive" xmlns:xsi="http://www.w3.org/2001/XMLSchema-instance">
  <SolutionManifest>
    <UniqueName>WastePermits</UniqueName>
    <LocalizedNames>
      <LocalizedName description="Waste Permits" languagecode="1033" />
    </LocalizedNames>
    <Descriptions />
    <Version>1.0.0.0</Version>
    <Managed>0</Managed>
    <Publisher>
      <UniqueName>defra</UniqueName>
      <LocalizedNames>
        <LocalizedName description="DEFRA" languagecode="1033" />
      </LocalizedNames>
      <Descriptions />
      <EMailAddress xsi:nil="true"></EMailAddress>
      <SupportingWebsiteUrl xsi:nil="true"></SupportingWebsiteUrl>
      <CustomizationPrefix>defra</CustomizationPrefix>
      <CustomizationOptionValuePrefix>91040</CustomizationOptionValuePrefix>
      <Addresses>
        <Address>
          <AddressNumber>1</AddressNumber>
          <AddressTypeCode>1</AddressTypeCode>
          <City xsi:nil="true"></City>
          <County xsi:nil="true"></County>
          <Country xsi:nil="true"></Country>
          <Fax xsi:nil="true"></Fax>
          <FreightTermsCode xsi:nil="true"></FreightTermsCode>
          <ImportSequenceNumber xsi:nil="true"></ImportSequenceNumber>
          <Latitude xsi:nil="true"></Latitude>
          <Line1 xsi:nil="true"></Line1>
          <Line2 xsi:nil="true"></Line2>
          <Line3 xsi:nil="true"></Line3>
          <Longitude xsi:nil="true"></Longitude>
          <Name xsi:nil="true"></Name>
          <PostalCode xsi:nil="true"></PostalCode>
          <PostOfficeBox xsi:nil="true"></PostOfficeBox>
          <PrimaryContactName xsi:nil="true"></PrimaryContactName>
          <ShippingMethodCode>1</ShippingMethodCode>
          <StateOrProvince xsi:nil="true"></StateOrProvince>
          <Telephone1 xsi:nil="true"></Telephone1>
          <Telephone2 xsi:nil="true"></Telephone2>
          <Telephone3 xsi:nil="true"></Telephone3>
          <TimeZoneRuleVersionNumber xsi:nil="true"></TimeZoneRuleVersionNumber>
          <UPSZone xsi:nil="true"></UPSZone>
          <UTCOffset xsi:nil="true"></UTCOffset>
          <UTCConversionTimeZoneCode xsi:nil="true"></UTCConversionTimeZoneCode>
        </Address>
        <Address>
          <AddressNumber>2</AddressNumber>
          <AddressTypeCode>1</AddressTypeCode>
          <City xsi:nil="true"></City>
          <County xsi:nil="true"></County>
          <Country xsi:nil="true"></Country>
          <Fax xsi:nil="true"></Fax>
          <FreightTermsCode xsi:nil="true"></FreightTermsCode>
          <ImportSequenceNumber xsi:nil="true"></ImportSequenceNumber>
          <Latitude xsi:nil="true"></Latitude>
          <Line1 xsi:nil="true"></Line1>
          <Line2 xsi:nil="true"></Line2>
          <Line3 xsi:nil="true"></Line3>
          <Longitude xsi:nil="true"></Longitude>
          <Name xsi:nil="true"></Name>
          <PostalCode xsi:nil="true"></PostalCode>
          <PostOfficeBox xsi:nil="true"></PostOfficeBox>
          <PrimaryContactName xsi:nil="true"></PrimaryContactName>
          <ShippingMethodCode>1</ShippingMethodCode>
          <StateOrProvince xsi:nil="true"></StateOrProvince>
          <Telephone1 xsi:nil="true"></Telephone1>
          <Telephone2 xsi:nil="true"></Telephone2>
          <Telephone3 xsi:nil="true"></Telephone3>
          <TimeZoneRuleVersionNumber xsi:nil="true"></TimeZoneRuleVersionNumber>
          <UPSZone xsi:nil="true"></UPSZone>
          <UTCOffset xsi:nil="true"></UTCOffset>
          <UTCConversionTimeZoneCode xsi:nil="true"></UTCConversionTimeZoneCode>
        </Address>
      </Addresses>
    </Publisher>
    <RootComponents>
      <RootComponent type="1" schemaName="defra_activity" behavior="0" />
      <RootComponent type="1" schemaName="defra_application" behavior="0" />
      <RootComponent type="1" schemaName="defra_applicationline" behavior="2" />
      <RootComponent type="1" schemaName="defra_dulymadechecklist" behavior="0" />
      <RootComponent type="1" schemaName="defra_exception" behavior="2" />
      <RootComponent type="1" schemaName="defra_facilitytype" behavior="0" />
      <RootComponent type="1" schemaName="defra_industryscheme" behavior="0" />
      <RootComponent type="1" schemaName="defra_managementsystem" behavior="0" />
      <RootComponent type="1" schemaName="defra_standardrule" behavior="0" />
      <RootComponent type="1" schemaName="defra_wastetype" behavior="0" />
      <RootComponent type="20" id="{9d8ca988-b073-e711-80e9-3863bb341a18}" behavior="0" />
      <RootComponent type="61" schemaName="defra_activity16" behavior="0" />
      <RootComponent type="61" schemaName="defra_activity32" behavior="0" />
      <RootComponent type="61" schemaName="defra_dulymadechecklist16" behavior="0" />
      <RootComponent type="61" schemaName="defra_dulymadechecklist32" behavior="0" />
      <RootComponent type="61" schemaName="defra_ftype16" behavior="0" />
      <RootComponent type="61" schemaName="defra_ftype32" behavior="0" />
      <RootComponent type="61" schemaName="defra_industryscheme16" behavior="0" />
      <RootComponent type="61" schemaName="defra_industryscheme32" behavior="0" />
      <RootComponent type="61" schemaName="defra_mansystem16" behavior="0" />
      <RootComponent type="61" schemaName="defra_mansystem32" behavior="0" />
      <RootComponent type="61" schemaName="defra_standardrule16" behavior="0" />
      <RootComponent type="61" schemaName="defra_standardrule32" behavior="0" />
      <RootComponent type="61" schemaName="defra_wastetype16" behavior="0" />
      <RootComponent type="61" schemaName="defra_wastetype32" behavior="0" />
      <RootComponent type="62" behavior="0" />
    </RootComponents>
    <MissingDependencies>
      <MissingDependency>
        <Required key="0" type="1" schemaName="defra_addressdetails" displayName="Contact Details" solution="Active" />
        <Dependent key="1" type="1" schemaName="defra_application" displayName="Application" />
      </MissingDependency>
      <MissingDependency>
        <Required key="2" type="1" schemaName="defra_preapplication" displayName="Pre-Application" solution="Active" />
        <Dependent key="1" type="1" schemaName="defra_application" displayName="Application" />
      </MissingDependency>
      <MissingDependency>
        <Required key="3" type="1" schemaName="defra_requestforinformation" displayName="Request for Information" solution="Active" />
        <Dependent key="1" type="1" schemaName="defra_application" displayName="Application" />
      </MissingDependency>
      <MissingDependency>
        <Required key="4" type="1" schemaName="defra_exception" displayName="Exception" solution="Active" />
        <Dependent key="4" type="1" schemaName="defra_exception" displayName="Exception" />
      </MissingDependency>
      <MissingDependency>
        <Required key="5" type="1" schemaName="defra_applicationline" displayName="Application Line" solution="Active" />
        <Dependent key="5" type="1" schemaName="defra_applicationline" displayName="Application Line" />
      </MissingDependency>
      <MissingDependency>
        <Required key="6" type="1" schemaName="msdyn_postruleconfig" displayName="Post Rule Configuration" solution="ActivityFeedsCore (8.2.0.0)" />
        <Dependent key="7" type="62" />
      </MissingDependency>
      <MissingDependency>
        <Required key="8" type="1" schemaName="defra_documentreference" displayName="Document Reference" solution="Active" />
        <Dependent key="7" type="62" />
      </MissingDependency>
      <MissingDependency>
        <Required key="9" type="1" schemaName="defra_address" displayName="Address" solution="Active" />
        <Dependent key="7" type="62" />
      </MissingDependency>
      <MissingDependency>
        <Required key="10" type="1" schemaName="defra_location" displayName="Location" solution="Active" />
        <Dependent key="7" type="62" />
      </MissingDependency>
      <MissingDependency>
        <Required key="10" type="1" schemaName="defra_location" displayName="Location" solution="Active" />
        <Dependent key="11" type="10" schemaName="defra_location_defra_application_siteid" displayName="defra_location_defra_application_siteid" parentSchemaName="defra_application" parentDisplayName="Application" />
      </MissingDependency>
      <MissingDependency>
        <Required key="12" type="1" schemaName="defra_locationdetails" displayName="Location Details" solution="Active" />
        <Dependent key="7" type="62" />
      </MissingDependency>
      <MissingDependency>
        <Required key="2" type="1" schemaName="defra_preapplication" displayName="Pre-Application" solution="Active" />
        <Dependent key="7" type="62" />
      </MissingDependency>
      <MissingDependency>
        <Required key="13" type="1" schemaName="msdyn_postconfig" displayName="Post Configuration" solution="ActivityFeedsCore (8.2.0.0)" />
        <Dependent key="7" type="62" />
      </MissingDependency>
      <MissingDependency>
        <Required key="14" type="2" schemaName="defra_locationid" displayName="Location" parentSchemaName="defra_location" parentDisplayName="Location" solution="Active" />
        <Dependent key="11" type="10" schemaName="defra_location_defra_application_siteid" displayName="defra_location_defra_application_siteid" parentSchemaName="defra_application" parentDisplayName="Application" />
      </MissingDependency>
      <MissingDependency>
        <Required key="15" type="2" schemaName="defra_name" displayName="Name" parentSchemaName="defra_location" parentDisplayName="Location" solution="Active" />
        <Dependent key="11" type="10" schemaName="defra_location_defra_application_siteid" displayName="defra_location_defra_application_siteid" parentSchemaName="defra_application" parentDisplayName="Application" />
      </MissingDependency>
      <MissingDependency>
        <Required key="16" type="9" schemaName="defra_applicationtype" displayName="Application Type" solution="Active" />
        <Dependent key="17" type="2" schemaName="defra_applicationtype" displayName="Application Type" parentSchemaName="defra_application" parentDisplayName="Application" />
      </MissingDependency>
      <MissingDependency>
        <Required key="5" type="1" schemaName="defra_applicationline" displayName="Application Line" solution="Active" />
        <Dependent key="18" type="10" schemaName="defra_applicationline_defra_activity" displayName="defra_applicationline_defra_activity" parentSchemaName="defra_applicationline" parentDisplayName="Application Line" />
      </MissingDependency>
      <MissingDependency>
        <Required key="8" type="1" schemaName="defra_documentreference" displayName="Document Reference" solution="Active" />
        <Dependent key="19" type="10" schemaName="defra_documentreference_defra_industrysch" displayName="defra_documentreference_defra_industrysch" parentSchemaName="defra_documentreference" parentDisplayName="Document Reference" />
      </MissingDependency>
      <MissingDependency>
        <Required key="4" type="1" schemaName="defra_exception" displayName="Exception" solution="Active" />
        <Dependent key="20" type="10" schemaName="defra_standardrule_defra_exception" displayName="defra_standardrule_defra_exception" parentSchemaName="defra_exception" parentDisplayName="Exception" />
      </MissingDependency>
      <MissingDependency>
        <Required key="5" type="1" schemaName="defra_applicationline" displayName="Application Line" solution="Active" />
        <Dependent key="21" type="10" schemaName="defra_wastetype_defra_applicationline" displayName="defra_wastetype_defra_applicationline" parentSchemaName="defra_applicationline" parentDisplayName="Application Line" />
      </MissingDependency>
      <MissingDependency>
        <Required key="5" type="1" schemaName="defra_applicationline" displayName="Application Line" solution="Active" />
        <Dependent key="22" type="10" schemaName="defra_standardrule_defra_applicationline" displayName="defra_standardrule_defra_applicationline" parentSchemaName="defra_applicationline" parentDisplayName="Application Line" />
      </MissingDependency>
      <MissingDependency>
        <Required key="8" type="1" schemaName="defra_documentreference" displayName="Document Reference" solution="Active" />
        <Dependent key="23" type="10" schemaName="defra_documentreference_defra_dulymadecheck" displayName="defra_documentreference_defra_dulymadecheck" parentSchemaName="defra_documentreference" parentDisplayName="Document Reference" />
      </MissingDependency>
      <MissingDependency>
        <Required key="8" type="1" schemaName="defra_documentreference" displayName="Document Reference" solution="Active" />
        <Dependent key="24" type="10" schemaName="defra_documentreference_defra_application" displayName="defra_documentreference_defra_application" parentSchemaName="defra_documentreference" parentDisplayName="Document Reference" />
      </MissingDependency>
      <MissingDependency>
        <Required key="5" type="1" schemaName="defra_applicationline" displayName="Application Line" solution="Active" />
        <Dependent key="25" type="10" schemaName="defra_activity_defra_applicationline" displayName="defra_activity_defra_applicationline" parentSchemaName="defra_applicationline" parentDisplayName="Application Line" />
      </MissingDependency>
      <MissingDependency>
        <Required key="26" type="61" schemaName="defra_application32" displayName="defra_application32" solution="Active" />
        <Dependent key="1" type="1" schemaName="defra_application" displayName="Application" />
      </MissingDependency>
      <MissingDependency>
        <Required key="27" type="61" schemaName="defra_application16" displayName="defra_application16" solution="Active" />
        <Dependent key="1" type="1" schemaName="defra_application" displayName="Application" />
      </MissingDependency>
      <MissingDependency>
        <Required key="28" type="61" schemaName="msdyn_/PersonalWall.htm" displayName="msdyn_/PersonalWall.htm" solution="ActivityFeedsCore (8.2.0.0)" />
        <Dependent key="7" type="62" />
      </MissingDependency>
      <MissingDependency>
        <Required key="29" type="61" schemaName="msdyn_/Images/Wall_16.png" displayName="msdyn_/Images/Wall_16.png" solution="ActivityFeedsCore (8.2.0.0)" />
        <Dependent key="7" type="62" />
      </MissingDependency>
      <MissingDependency>
        <Required key="30" type="61" schemaName="defra_applicationline16" displayName="defra_applicationline16" solution="Active" />
        <Dependent key="5" type="1" schemaName="defra_applicationline" displayName="Application Line" />
      </MissingDependency>
      <MissingDependency>
        <Required key="31" type="61" schemaName="defra_applicationline32" displayName="defra_applicationline32" solution="Active" />
        <Dependent key="5" type="1" schemaName="defra_applicationline" displayName="Application Line" />
      </MissingDependency>
      <MissingDependency>
        <Required key="32" type="61" schemaName="defra_exception16" displayName="defra_exception16" solution="Active" />
        <Dependent key="4" type="1" schemaName="defra_exception" displayName="Exception" />
      </MissingDependency>
      <MissingDependency>
        <Required key="33" type="61" schemaName="defra_exception32" displayName="defra_exception32" solution="Active" />
        <Dependent key="4" type="1" schemaName="defra_exception" displayName="Exception" />
      </MissingDependency>
    </MissingDependencies>
  </SolutionManifest>
</ImportExportXml>